nsteps,relative_error
100,10.185756
200,8.676701
500,6.947132
1000,5.829536
2000,4.859128
5000,3.770096
10000,3.067374
